,overview,Action,Romance,Science Fiction,Thriller,War,Western
0,family wedding reignite ancient feud nextdoor neighbor fishing buddy sultry italian divorcée open restaurant local bait shop alarm local worry scare fish interested seafood cook hot time,0.0,1.0,0.0,1.0,1.0,0.0
1,cheat mistreat step woman hold breath wait elusive good man break string lessthanstellar lover friend confidant talk determine find good way breathe,0.0,0.0,0.0,0.0,1.0,0.0
2,obsessive master thief lead topnotch crew various insane heist throughout los unstable detective pursue without rest man recognize respect ability dedication though aware catandmouse game may end violence,0.0,1.0,1.0,1.0,0.0,0.0
3,duckling undergone remarkable change harbor feeling crush carefree playboy businessfocused brother something say,1.0,0.0,0.0,0.0,1.0,0.0
4,mischievous young boy witness murder becomes friends boy future family choose honor friendship honor oath town alcoholic accuse murder go several adventure try retrieve evidence,0.0,0.0,1.0,0.0,0.0,0.0
5,international action superstar team power tensionpacked suspense thriller set backdrop stanley cup gamevan portray father whose daughter take championship hockey game captor demand billion dollar game end set plan motion rescue daughter abort impending explosion final buzzer,0.0,1.0,1.0,0.0,0.0,1.0
6,bond unmask mysterious head janus prevent leader utilize goldeneye weapon system inflict devastate revenge britain,0.0,0.0,1.0,1.0,0.0,0.0
7,us president one world powerful men anything want covet washington lobbyist shepherd attempt court spark wild rumor decimate approval rating,0.0,0.0,0.0,0.0,0.0,1.0
8,slave quest recover three portion treasure map final portion hold murderous uncle crew skeptical leadership ability complete quest mutiny make difficult effort british crown end pirate raid,1.0,0.0,1.0,0.0,0.0,0.0
9,dy leave second wife daughter poor rule inheritance two daughter titular opposite,0.0,0.0,1.0,0.0,0.0,0.0
10,vengeful new transit cop decide steal trainload subway fare fellow cop try protect,0.0,0.0,0.0,0.0,0.0,1.0
11,chili palmer miami mobster get send bos psychopathic bone collect bad debt hollywood producer specialize cheesy horror film chili meet lead lady romantic spark fly pitch life story movie idea chili learn mobster hollywood producer different,0.0,0.0,0.0,0.0,0.0,1.0
12,agoraphobic psychologist female detective work take serial killer copy serial killer past,0.0,0.0,1.0,0.0,0.0,0.0
13,arrives funeral kill prominent mobster witness rival hired gun complete job result horrify murder innocent bystander decide take one last job return civilian life find way world contract kill grows dangerous rath fall female target become marked man,0.0,0.0,1.0,0.0,0.0,1.0
14,harass classmate accept shock appearance shy young man know powder struggle fit cruel taunt stop display mysterious power allow incredible thing phenomenon change life around way could imagine,1.0,0.0,0.0,1.0,0.0,0.0
15,alcoholic hollywood screenwriter lose everything drinking arrive vega drink death meet form uneasy friendship noninterference pact prostitute,0.0,1.0,0.0,0.0,1.0,1.0
16,film adaptation last novel follow daughter troubled aristocratic family persuade break engagement young sea captain meager mean year money trouble force father rent family estate admiral throw company rich successful love,1.0,0.0,0.0,0.0,0.0,0.0
17,scientist surrealist society kidnaps child steal dream hop slow age process,1.0,1.0,0.0,0.0,0.0,0.0
18,year convict volunteer send time discover origin virus wipe earths population force survivor underground community send arrest lock mental hospital meet psychiatrist dr patient son famous virus expert may hold key mysterious rogue group army monkey think responsible unleash killer disease,1.0,0.0,1.0,0.0,0.0,0.0
19,story relationship painter author world war one england cottage countryside although platonic due strachey homosexuality relationship deep complicate one develop physical relationship able welcome friend although remain uneasy much lifestyle sexual orientation fact conscientious objector,0.0,0.0,0.0,0.0,1.0,1.0
20,identical yearolds different background orphan wealthy alyssa meet summer camp decide switch place play matchmaker alyssas dad kind social worker care amanda,1.0,1.0,0.0,0.0,0.0,0.0
21,shallow rich successful top high school peck scale see matchmaker coax two teacher date embolden success give klutzy new student tai makeover become popular realize disapprove right misguided fall,1.0,0.0,0.0,0.0,1.0,1.0
22,shakespeare transplant setting,0.0,1.0,0.0,0.0,0.0,0.0
23,depict heist old bill retire circulation destine government money burn address issue black involvement vietnam subsequent disillusionment progress social issue civil right home united,1.0,0.0,0.0,0.0,1.0,1.0
24,aspiring young physician find service king save life someone close king join king court live high life provide someone position order marry king mistress order divert queens suspicion give one order king fall love situation find love new wife king find relieve merivel position wealth fall grace leave first start travel reunion old friend rediscover love true medicine mean physician,1.0,0.0,0.0,0.0,1.0,0.0
25,nine generation evil sorcerer victorious handtohand battle mortal enemy win tenth mortal tournament desolation evil reign multiverse save three warrior overcome insurmountable odds inner demon superhuman foe actionadventure movie base one popular video game time,0.0,1.0,1.0,0.0,0.0,0.0
26,susan want work television therefore anything take mean kill husband dark comedy independent director brilliant leading role,1.0,0.0,0.0,0.0,0.0,0.0
27,soontobewed graduate student develop cold foot suspect fiancé cheat order clear head finn visit grandmother hy aunt grasse calif finn learn member group passionate quilters course visit regale tale love life woman collect rich experience much wisdom,0.0,0.0,0.0,0.0,1.0,0.0
28,two homicide detective desperate hunt serial killer whose crime base seven sin dark haunting film take viewer tortured remains one victim next seasoned det research sin effort get inside killer mind novice partner scoff effort unravel case,0.0,0.0,1.0,0.0,0.0,0.0
29,prudish woman work tenure literacy professor large urban university find strangely attract freespirited liberal woman work local carnival come town,1.0,1.0,1.0,0.0,1.0,0.0
30,held interrogation room attempt convince fed mythic crime lord exist responsible draw four partner multimillion dollar heist end explosion san pedro harbor – leave survivor lure interrogator incredible story crime lord supernatural prowess,0.0,1.0,1.0,1.0,0.0,1.0
31,detective turn bodyguard cynthia hire psychotic icy seductress woman kill lover month vendetta heart mckay accompany playful glamourous world superrich protector unique role reversal woman protect man another woman erupt triangle passion suspense action,1.0,0.0,1.0,1.0,0.0,1.0
32,wife amanda adopt baby realize son genius becomes obsess find boys biological mother hope brilliant learn mother kindhearted prostitute porn star determine reform immoral lifestyle greek chorus chime relate plot greek mythology quirky comedy,1.0,0.0,0.0,0.0,0.0,0.0
33,depressed texas town british foreign exchange teacher attempt inject life hopeless kid introduce soccer terrible first footballhero assistant whip shape work pair help kid build selfesteem get involve solve family squabble,1.0,0.0,1.0,0.0,0.0,0.0
34,lose job make exboss find daughter plan spend thanksgiving boyfriend face spend holiday family survive crazy antic,0.0,1.0,0.0,0.0,1.0,1.0
35,simple italian postman learn love poetry mail famous poet use woo local beauty beatrice,0.0,0.0,0.0,0.0,1.0,0.0
36,year quebec rachel unmarried pregnant work church fill shame unburden guilt young priest confidentiality confessional present year return quebec attend funeral meet adopt begin question identity embark quest root would lead quebec present converge complex web intrigue answer mystery lie,1.0,0.0,1.0,0.0,0.0,0.0
37,fire brimstone time grieve mother take justice hand kangaroo court los fails convict monster rap murder yearold daughter,0.0,0.0,1.0,0.0,0.0,0.0
38,obrien petty thief yearlong girlfriend roz want put end unsteady lifestyle last job involve steal valuable painting take island coast new want sell painting hop sagging relationship get positive push everything go plan,0.0,1.0,1.0,1.0,1.0,0.0
39,jobe resuscitate want create special computer chip would connect computer world one network would control use realize group teenage hacker stop plan,1.0,0.0,1.0,0.0,0.0,1.0
40,learn husband infidelity housewife invite itinerant lesbian move none life,0.0,1.0,0.0,0.0,1.0,0.0
41,gecko young brother run bloody bank robbery texas escape across border mexico homefree next morning pay local kingpin survive dusk till dawn rendezvous point turn hell strip joint,1.0,1.0,1.0,1.0,1.0,0.0
42,kirkpatrick cop protect kate civil law attorney renegade kgb team terminate,0.0,0.0,1.0,0.0,0.0,1.0
43,college graduation grovers girlfriend tell move prague study write decline accompany decide move several friend work inertia escape universitys pull nobody want make big decision would alter life none want end like chet professional student tend bar tenth year university study,0.0,1.0,0.0,0.0,1.0,0.0
44,seed love plant highpowered investment banker receive flower secret admirer fairytale fantasy clash workaholic way find hard seem love conquer,1.0,0.0,0.0,0.0,0.0,0.0
45,sirius b year distant mining planet ravage decade war scientist create perfect weapon bladewielding selfreplicating race kill device know screamer design one purpose hunt destroy enemy life form,0.0,1.0,0.0,0.0,0.0,1.0
46,daughter die hit run wait six year man responsible release prison day release visit announces kill one week booth use time try make peace entourage find romance whose life spiral obsession towards bring edge sanity end week men find collision course,0.0,0.0,0.0,0.0,0.0,0.0
47,gangster bos trial murder mob thug know tell talk fellow juror notguilty verdict imply kill son oliver fail manage become clear mobster might want silence good send try gather evidence plot set final showdown,0.0,0.0,1.0,0.0,0.0,0.0
48,film relate story connect afroamerican community call inhabitant live depend world racist oppression tell boy call spend childhood despite see life community joy sorrow live others decide leave good life remain thing come serious situation one prominent businessman muscle white competitor use racist intimidation response community make decision whether submit meekly like fight right,0.0,0.0,0.0,0.0,1.0,1.0
49,victorian wealthy patriarch invite impoverished biologist home try continue work distract seductive daughter eugenia eugenia begin torrid romance couple become young scientist begin realize dark disturb thing happen behind closed door alabaster manor,1.0,0.0,0.0,0.0,0.0,0.0
50,teenage boys discipline camaraderie illfated sailing voyage,1.0,0.0,0.0,0.0,0.0,0.0
51,public accountant arrive train union los accompany daughter ordinary look approach pair sinister people name,1.0,1.0,1.0,0.0,0.0,0.0
52,housemaid fall love dr jekyll mysterious counterpart,0.0,0.0,0.0,0.0,0.0,0.0
53,maximillian lone survivor race vampire come brooklyn search way live past next full moon ticket survival nypd detective ignore half vampire maximillian whatevers necessary put spell,1.0,0.0,1.0,1.0,0.0,0.0
54,snowy winter small fictional town knight massachusetts group hang drink struggle connect woman affect decision dream desire,1.0,1.0,0.0,0.0,0.0,0.0
55,rogue stealthfighter pilot drop radar maneuver air end two stolen nuclear warhead deakinss copilot military hope get traverse deserted canyon utah hale team park ranger put back box,1.0,0.0,0.0,0.0,0.0,0.0
56,dark hip urban story barren anonymous city underclass sport choice ramraiding exciting game stolen car drive shop window aid largescale looting police arrive business jo labour love competition grow fierce stake become high shopping trip risky,0.0,1.0,1.0,0.0,0.0,1.0
57,accidental shooting boy new lead investigation deputy mayor farreaching consequence,0.0,0.0,1.0,1.0,0.0,1.0
58,single woman find perfect man date regret deranged possessive personality emerges bad convince anyone else jekyllhyde true nature,1.0,1.0,0.0,0.0,0.0,1.0
59,liotta star medical examiner acquit wife murder many question innocence obsess find wife killer possible solution present experimental serum design neurobiology ability transfer memory one person another without consequence drive solve case inject serum bring close find killer bring close death,0.0,0.0,1.0,0.0,0.0,0.0
60,photographer wanders life housewife four day,0.0,0.0,0.0,0.0,0.0,0.0
61,tell story flint last journey young heart attack die friend attack pirate gang escape town hire boat crew find hidden treasure reveal die voyage across sea find everyone board trust,1.0,0.0,0.0,0.0,1.0,0.0
62,enrage slaughter murron new childhood love scottish warrior slay platoon local english lord soldier lead village revolt entire country rise english rule,0.0,1.0,0.0,1.0,0.0,0.0
63,keong come hong visit new uncle wed uncle run market bronx keong offer help honeymoon stay bronx keong befriend neighbor kid beat neighborhood thug cause problem market one petty thug local gang stumble criminal situation way head,0.0,1.0,0.0,1.0,0.0,0.0
64,two parent deal effect son accuse murder girlfriend,0.0,0.0,1.0,1.0,0.0,0.0
65,lucy roommate best friend whose love life dull convinces infatuate neighbor stable romance within month jump brooklyn,0.0,0.0,0.0,0.0,1.0,0.0
66,bunch high school misfit hawaii introduce new teacher attend science fair draw inspiration build solar car win trip compete world solar challenge australia,0.0,0.0,0.0,0.0,0.0,1.0
67,successful advertising executive woo bed woman company merger find new bos ravishing treat way traumatise work go,1.0,0.0,0.0,0.0,0.0,0.0
68,every day cop buy pineapple expiration date may symbolize day get lose love get eye mysterious woman blond wig oblivious fact drug dealer cop distraught heartbreak breakup ex drop spare set key local cafe waitress let apartment spruce life,0.0,1.0,0.0,1.0,1.0,1.0
69,adventure deception photographer travel small village pretend work big film studio rome,0.0,1.0,0.0,0.0,0.0,1.0
70,adopt child new father ben decide name son know birth parent determines make crosscountry quest find accompany wife nancy inept gorgeous adoption agent tina tea depart epic road trip devolve farce mistaken identity wrong turn overzealous lovestruck atf agent josh,1.0,0.0,1.0,0.0,0.0,0.0
71,pie sky american romantic comedy film young man obsess traffic gridlock fall love avantgarde dancer,0.0,0.0,0.0,0.0,0.0,0.0
72,quirky story young boy adventure grow beautiful two different men love,0.0,0.0,0.0,0.0,0.0,0.0
73,someone nasty hatchet job san big noise assistant take charge investigation blackmail prostitution involve governor old lover law man emerge prime suspect deal personal feeling case,0.0,0.0,1.0,1.0,0.0,1.0
74,balbuena genial illegal immigrant make way new take bite big apple hope find good life begin fade balbuena encounter one obstacle another hardscrabble uncaring metropolis,0.0,1.0,0.0,0.0,0.0,0.0
75,dream primetime network pursue dream nothing ambition raw talent homemade demo tape brilliant hard edge veteran newsman see talent become mentor ’ career take meteoric rise warren fall love romance result intense reveal television news break story every videotaped crisis bring threaten drive apart,1.0,0.0,0.0,0.0,0.0,0.0
76,deal life three irish catholic mcmullen new three month grapple basic idea value — love sex marriage religion family — direct write produce star,0.0,0.0,0.0,0.0,1.0,0.0
77,henpecked family man footloose fancy free lady man miami policeman hour reclaim consignment drug steal station nose complicate matter order get assistance sole witness murder pretend,0.0,1.0,1.0,1.0,0.0,1.0
78,home lush bamboo forest china tenyearold help young girl go wonderful journey rescue baby panda take poacher,0.0,0.0,0.0,0.0,1.0,0.0
79,drama film theatre company liverpool set base novel name,1.0,1.0,0.0,0.0,0.0,0.0
80,man wake alley bleed memory stumble coffee shop befriend charitable exnun fail attempt write marketable pornography,0.0,1.0,0.0,1.0,0.0,0.0
81,dark confronts duo twoface riddler district attorney twoface believe cause courtroom accident leave disfigure one side computergenius former employee millionaire get philanthropist riddler former circus acrobat family kill twoface become ward batman new partner,0.0,1.0,0.0,1.0,0.0,0.0
82,beautiful young housewife reconcile masochistic fantasy everyday life dutiful husband lovestruck friend mention secretive highclass brothel run begin work day name jour one client grow possessive try go normal life,0.0,0.0,0.0,0.0,1.0,0.0
83,arquette star american widow young doctor draw political turmoil vacation burma fictionalized drama base actual event leave sister attempt escape painful memory husband son violent death fight escape thailand could prove harrowing,0.0,1.0,1.0,0.0,0.0,0.0
84,canadian bacon fictitious film comedy american president go war bring public ’ opinion election time actor ’ last film,0.0,0.0,0.0,0.0,1.0,1.0
85,eight people embark expedition congo mysterious expanse unexplored africa human greed law nature go berserk thrillseekers ulterior motif stumble across race killer ape,1.0,1.0,1.0,1.0,0.0,0.0
86,u nuclear missile sub young first officer stag mutiny prevent trigger happy captain launch missile confirm order,1.0,0.0,0.0,0.0,0.0,1.0
87,gunslinger embroil war local drug runner,0.0,1.0,0.0,1.0,0.0,1.0
88,late los unemployed black world war ii veteran job prospect bar meet dewitt mysterious white man look someone investigate disappearance miss white woman name suspect hide one citys black jazz club money face house payment take job find head,0.0,0.0,1.0,0.0,0.0,1.0
89,new detective kick badguy butt third installment actionpacked series find team civilian prevent loss innocent life thought would see genius name engage mcclane new partner beloved city game demand concentration,0.0,1.0,1.0,0.0,0.0,0.0
90,jordan white two trouble teen pick adolescent drifter threesome embark sex violencefilled journey america psycho quickiemarts,1.0,0.0,0.0,0.0,1.0,0.0
91,timeless tale king legend camelot retell passionate period drama reluctant hand crown lancelot torn loyalty husband grow love rival balance loyalty throne reward true love,1.0,1.0,0.0,0.0,0.0,0.0
92,along new friend teenager arrest u secret ban use computer write computer virus discover plot nefarious hacker use computer skill find evidence pursue secret evil computer genius behind virus,1.0,0.0,1.0,0.0,1.0,0.0
93,jeffery young gay man new decide sex much decide become celibate meet man dream decide whether hate worth danger boyfriend dying,0.0,1.0,0.0,0.0,1.0,0.0
94,data courier carry data package inside head deliver die burden kill yakuza dystopian johnny data trafficker implant allow store data sensitive regular computer network one delivery run accept package exceed implant safety limit kill data remove time contain information important valuable imagine race time avoid assassin send kill remove data end life,1.0,0.0,1.0,1.0,0.0,0.0
95,dystopian future famous judge cop instant field judiciary power convict crime divest murderous counterpart escape,0.0,0.0,1.0,0.0,0.0,0.0
96,routine case ny private investigator stumble member fanatic cult prepare resurrection leader powerful magician kill year,0.0,1.0,1.0,1.0,0.0,0.0
97,fall new girl school funloving eccentric darkness whimsy end comprehend attempt commit suicide parent place mental institution spring young head road trip believe love cure caseys problem start wonder though inspire misguide,1.0,1.0,0.0,0.0,0.0,0.0
98,dump girlfriend two best friend seek refuge local mall,0.0,1.0,0.0,1.0,1.0,0.0
99,power six incredible teen defeat evil mighty time power may meet match face sinister monster galaxy see,0.0,0.0,1.0,0.0,1.0,1.0
100,four woman discover untapped strength within let go divide,1.0,0.0,1.0,0.0,1.0,0.0
101,mute keep become successful makeup artist russia work film direct sister boyfriend find trap studio one night horrify see snuff film make escape help sister kate alert authority saw make enemy russian mafia fund snuff film,0.0,0.0,0.0,0.0,1.0,1.0
102,ultrahip postmodern vampire tale set contemporary new member dysfunctional family vampire try come term wake father death meanwhile hunt dr hapless good vampire movie force love pit force destruction,0.0,0.0,0.0,0.0,0.0,1.0
103,freelance software engineer live world computer technology cyber friend ask debug new game become involve conspiracy turn life upside vacation mexico purse steal find people event may differ seem become target assassination vacation ruin get new passport us embassy mexico wrong name return us sort thing discover unsavory past lengthy police record make matter bad another person assume real identity,0.0,1.0,1.0,0.0,1.0,0.0
104,come earth collect soul end stalemated war former priest little girl stop,0.0,0.0,0.0,0.0,0.0,1.0
105,set puritanical boston mid story seamstress outcast become pregnant respected reverend refuse divulge name convict adultery force wear scarlet indian attack unite puritan lead reevaluation law moral,1.0,0.0,1.0,0.0,0.0,0.0
106,search receive transmission detail alien dna structure along instruction splice human dna result sensual deadly creature change beautiful woman armourplated killing machine blink eye,1.0,0.0,0.0,0.0,0.0,0.0
107,set year last day old millennium movie tell story excop deal datadiscs contain recorded memory emotion one day receive disc contain memory murderer kill prostitute investigates pull deep deep whirl blackmail murder rape survive solve case,0.0,0.0,1.0,1.0,0.0,1.0
108,simple romantic tragedy begin french auto mechanic fall love yearold geneviève employee widowed mother chic embattle umbrella shop evening leave twoyear tour combat algeria geneviève make love become pregnant choose wait guy return accept offer marriage wealthy diamond merchant,1.0,0.0,0.0,0.0,1.0,0.0
109,netherwood wife fugitive want murder young daughter name want back,0.0,0.0,1.0,0.0,0.0,0.0
110,young wild poet mentor engage fierce forbidden romance feel effect hellish artistic lifestyle,0.0,1.0,0.0,1.0,0.0,0.0
111,passenger train hijack electronics expert turn untraceable command center weapon satellite plan blow washington dc one man stop former navy seal casey ryback,1.0,0.0,0.0,0.0,0.0,1.0
112,world war ii vet fall pregnant unwed woman persuade first encounter pose husband face family,0.0,0.0,0.0,0.0,0.0,1.0
113,futuristic world polar ice cap melt make liquid planet beautiful barmaid rescue mutant seafarer float island prison escape along young charge sail aboard ship trio become target menacing pirate covet map dryland – tattoo,0.0,0.0,0.0,0.0,0.0,1.0
114,famous gunslinger early career legendary lawman telescope culminates relocation deadwood reunion,0.0,0.0,0.0,0.0,0.0,0.0
115,inept courier realise use criminal deliver money run criminal police pose scout leader lead scout group hike mountain,0.0,1.0,1.0,1.0,0.0,0.0
116,circularity violence see story circle macedonia war bosnia christian hunt ethnic girl may murder one young monk take vow silence offer protection london photographic editor pregnant need talk estranged husband choose toney restaurant,0.0,0.0,1.0,0.0,0.0,1.0
117,dialogue marathon film fairytale love story american boy french girl day night vienna two heart collide,0.0,0.0,0.0,0.0,1.0,1.0
118,jennifer teen hire babysit kid jt walsh wife tucker go party proceed get inebriate fantasize beautiful baby sitter jack boyfriend mark another guy interested decide spy jennifer tucker house young man fixate,0.0,0.0,0.0,0.0,1.0,0.0
119,inherit castle italy move wife blind daughter realize somebody else castle abused child leave die basement become castle freak wreak havoc,1.0,1.0,0.0,0.0,0.0,0.0
120,circle set ireland movie focus best friend story center around eve enter student life university dublin eve reunite childhood friend icecool college belle handsome charming fall,0.0,1.0,0.0,0.0,1.0,0.0
121,demarco man believe lover world clad cape mask demarco undergo psychiatric treatment dr cure apparent delusion psychiatric session unexpected effect psychiatric staff dr rekindle romance complacent marriage,0.0,0.0,0.0,0.0,0.0,1.0
122,computer specialist sue sexual harassment former lover turn bos initiate act threaten career personal life,1.0,0.0,0.0,0.0,0.0,0.0
123,kris homicide cop psychic ability work prove prime suspect late case much young husband millionaire victim innocent vision true plan someone know see,0.0,0.0,1.0,1.0,0.0,1.0
124,team skydive crook lead deaagentturnedbad ty moncrief busey specialize land police roof breaking evil computer nerd steal undercover agent file sell drug lord federal snipe lose brother crew learn skydive help toughbutlovable instructor track,0.0,1.0,1.0,1.0,0.0,1.0
125,political activist convince guest man torture government,0.0,1.0,0.0,0.0,0.0,1.0
126,film tell story retired widow chinese master chef chu si family living modern day taipei taiwan start film live three attractive daughter unattached film progress daughter encounter new men life new relationship blossom stereotype break living situation within family changes film feature several scene display technique artistry gourmet chinese cooking since family member difficulty express love intricate preparation banquet quality dish sunday dinner surrogate familial feeling,0.0,0.0,0.0,0.0,1.0,1.0
127,elliot go island live submissive fantasy photographs diamond smuggler work smuggler detective follow island try retrieve film begin fall love head mistress island evaluate feeling elliot motivation,0.0,0.0,0.0,0.0,0.0,1.0
128,french kiss director ’ best film since bodyguard plot involve couple love one woman ’ attempt fly paris get business trip marry way smuggle something value petty thief chase across france chase future husband,1.0,0.0,0.0,0.0,1.0,0.0
129,basketball referee travel france bury father american living paris work airline fly meet fall love relationship go many difficult patch story tell flashback friend restaurant wait arrive,0.0,0.0,0.0,0.0,1.0,1.0
130,angus adopt stray dog name several day travel along coast british father boy dog become strand turbulent water capsize boat angus parent badger rescue team school father wilderness survival skill assist intelligent try attract rescuer,1.0,0.0,0.0,0.0,0.0,0.0
131,though mean amiable cluelessness klutzy pratfall awkward adolescent son lighthearted prank highschool principal get longtime crush notice ask date trouble school convinces goofy boy need bond crosscountry fishing trip like one take dad age throw kink son plan impress,1.0,0.0,0.0,0.0,1.0,0.0
132,wife daughter regina enjoy pleasant drive car crash leave wife daughter unharmed kill ingenious doctor manage revive two lifeless hour come unchanged begin suffer horrible vision murder find vision sight serial killer,0.0,0.0,1.0,0.0,0.0,0.0
133,band reunites clayboys perform concert benefit local farmer thing take unexpected turn dog react music cry tear real pearl fortune turn disaster gumby archenemies blockhead devise elaborate scheme dognap harvest pearl blockhead initial plan fail kidnap clayboys replace clone battle clone fill train plane knight fight thrill spill true classic gumby adventure movie take viewer book toyland camelot space beyond,1.0,1.0,0.0,1.0,0.0,0.0
134,jj rookie sheriff first black officer station racial tension run high department jjs fellow officer resent presence real friend new trooper first female officer work suffer similar discrimination allwhitemale work environment jj become aware police corruption murder trial help arrest face difficult decision put grave personal danger service justice,0.0,1.0,1.0,0.0,1.0,1.0
135,life death legendary van beethoven beside work know composer famous love letter nameless beloved movie try find beloved easy many woman life,0.0,0.0,0.0,0.0,0.0,0.0
136,businessman trip tokyo end middle century old feud criminal ninja cult samurai witness assassination perform ninjacult leader,0.0,0.0,1.0,1.0,0.0,0.0
137,einstein help young man love catch attention pretend physicist,0.0,1.0,0.0,0.0,0.0,1.0
138,vampire relate epic life story love betrayal loneliness dark hunger overcurious reporter,1.0,0.0,0.0,0.0,0.0,0.0
139,wife die accept post united ambassador prerevolutionary france though find difficult adjust life country aristocracy subjugate restless peasantry paris become smitten cultured artist daughter visit virginia accompany attractive slave jefferson attention divert,1.0,1.0,0.0,0.0,1.0,0.0
140,part fertility research project male scientist agree carry pregnancy body,1.0,1.0,0.0,0.0,1.0,0.0
141,face electric chair murder young girl eight year crime call professor law help prove innocence overlooked evidence present local police uninterested killer,0.0,0.0,1.0,0.0,0.0,0.0
142,southern kid name transport medieval kingdom camelot crack ground cause earthquake learn summon need calvin save use dazzle modern invention calvin help king arthur retain crown thwart evil,1.0,0.0,0.0,0.0,0.0,0.0
143,excon living astoria new borough queen try stay clean raise family wife bev cousin cause take fall drive illegal transport stolen car police officer name injure land prison exchange early release ask help bring local crime bos name remarries attempt renew relationship child send undercover work infiltrate operation kill undercover federal agent watching unscrupulous district attorney fed complicate life take face consequence,0.0,0.0,1.0,1.0,0.0,1.0
144,princess capture hold hostage evil imperial force effort take galactic empire dash captain team loveable robot duo rd cpo rescue beautiful princess restore peace justice empire,0.0,0.0,0.0,0.0,0.0,1.0
145,chaplain civil war jo grow mother reduced circumstance close family squabble tragedy bond hold male friend start become part household,0.0,0.0,0.0,0.0,1.0,1.0
146,tita love control mother forbids marry marry sister throw cooking discovers transfer emotion food prepare infect eat intense heartbreak,1.0,0.0,0.0,0.0,1.0,1.0
147,epic tale three brother father living remote wilderness usa life affect nature history war love,0.0,0.0,0.0,0.0,1.0,1.0
148,film follow personal relationship father two son one hitman russian mafia brooklyn,1.0,0.0,0.0,1.0,0.0,0.0
149,exfootball star meet flight sydney force land small atoll become romantic board ship send take large island agree meet new three month see attraction real one show chance meeting bring,0.0,0.0,0.0,0.0,1.0,0.0
150,base novel tell story promising young doctor devastate death mother childbirth becomes obsess bring dead life experiment lead creation monster put remains corps regret action,0.0,0.0,0.0,0.0,1.0,0.0
151,unhappy mother meet man look like thing serious drive fear abandonment try anything everything ruin love bubble surround mom indian two become much closer,0.0,0.0,0.0,0.0,1.0,0.0
152,event focus around crisis hotline business one crazy night christmas holiday,0.0,1.0,0.0,0.0,1.0,1.0
153,three young boy pool money pay v kindhearted prostitute strip drive home suburb car break though mobster name v realize suburb perfect place hide thing get lot complicated fall love single father unaware real profession,1.0,0.0,0.0,0.0,0.0,1.0
154,want marriage like parent accept proposal boyfriend misgiving future fear commitment grows learn various affair family sister get married brother marry mother grow concern last single person family think marriage search balance career marriage family,0.0,1.0,0.0,0.0,1.0,0.0
155,remote woodland cabin small town doctor discovers nell beautiful young hermit woman many secret,1.0,0.0,0.0,0.0,0.0,0.0
156,base true story film follow life toshi japanese man living america work new police recommend undercover work go gang lead become friend although secondincommand suspicious newcomer able bring gang blow finish assignment,0.0,0.0,0.0,0.0,1.0,1.0
157,year since fail human lose cyborg since human enslave scientist develop new dna strain could signal end cyborg inject volunteer cyborg learn woman baby list termination,1.0,1.0,0.0,1.0,1.0,0.0
158,san star sexy comedy adultery nina husband go town several week business trip nina hook tell reporter point view interview photographer provide comic insight,1.0,0.0,0.0,0.0,0.0,0.0
159,two victim traumatized childhood become lover psychopathic serial murderer glorify mass medium,0.0,0.0,1.0,0.0,1.0,0.0
160,childhood incident convince true love guy name meet prepare settle marry foot doctor fly venice seem may able encounter man dream meet charming love believe intend someone,0.0,0.0,0.0,0.0,0.0,0.0
161,young naive college art student become obsess assume identity personality departed coed use live room cause complication result two men student art professor lust,0.0,1.0,0.0,1.0,1.0,1.0
162,airborne virus find way usa start kill people epidemic rate job stop virus spread small town quarantine prevent reaction white,1.0,0.0,1.0,0.0,0.0,0.0
163,leon top hit man new earn rep effective clean nextdoor neighbor wipe loosecannon dea agent become unwilling custodian yearold mathilda mathildas thought turn revenge consider follow leon footstep,1.0,0.0,1.0,0.0,0.0,1.0
164,midst mariel boat lift hurried exodus refugee cuba go america immigration clerk presume dissident marry united last name mutual resolve emigrate agree play along get complicate two begin fall juan reunites wife see decade,1.0,0.0,0.0,0.0,1.0,0.0
165,pastry boy son hairpiece mogul become involve arson scandal offer bribe exchange take blame fire destroy workplace real arsonist apalled someone would try take credit act love long sergio become entangled zany lovequadrangle involve write,0.0,0.0,1.0,0.0,0.0,0.0
166,burgerloving hit man philosophical partner drugaddled gangster moll washedup boxer converge sprawling comedic crime caper adventure unfurl three story trip forth time,0.0,0.0,1.0,0.0,0.0,0.0
167,greg tear call conservative catholic priest secret life homosexual gay lover frown upon church upon hear confession young girl incestuous father greg emotional spiritual struggle decide choose moral religion one life another,0.0,0.0,0.0,0.0,0.0,0.0
168,mysterious woman come compete quickdraw elimination tournament town take notorious gunman,1.0,0.0,1.0,0.0,0.0,0.0
169,red third film trilogy “ ” meaning tell strange link story packed work,0.0,0.0,0.0,0.0,1.0,1.0
170,may munro woman obsess get revenge people murder parent girl hire retired explosive expert kill parent killer embitter expartner quick assign protect one quick potential victim game cat mouse ensues,0.0,0.0,1.0,0.0,0.0,0.0
171,interstellar teleportation device find egypt lead planet human resemble ancient egyptian worship god ra,0.0,1.0,1.0,0.0,0.0,0.0
172,three friend discover new flatmate dead load cash,0.0,0.0,1.0,0.0,1.0,0.0
173,brother vincent rich clay poor meet first time father funeral remark similar look unknown clay think life take turn good vince plot kill car bomb pass corpse plan start new life father inheritance survive blast face memory identity restore hospital one,0.0,0.0,0.0,0.0,1.0,0.0
174,sum u aussie story father son search love share unconventional bond father caring openminded mate border annoyance son search love unwanted guidance father,0.0,0.0,0.0,0.0,0.0,0.0
175,fugui endure tumultuous event china personal fortune move wealthy landownership peasantry,1.0,1.0,1.0,1.0,1.0,0.0
176,base british cult comicstrip tankriding antiheroine fight megacorporation control world water supply,0.0,0.0,0.0,0.0,0.0,1.0
177,man run hunt demon know collector,0.0,0.0,0.0,0.0,0.0,0.0
178,captain jeanluc crew enterprised find odds renegade scientist soran destroy entire star system one man help stop sorans scheme dead seventyeight year,0.0,0.0,1.0,1.0,0.0,0.0
179,strange funeral director tell four strange tale horror african american focus three drug dealer trap place business,0.0,1.0,0.0,1.0,1.0,1.0
180,story marriage poet eliot socialite cope gynaeological emotional problem grow fame,0.0,1.0,0.0,0.0,0.0,1.0
181,american village visit unknown life form leave woman village pregnant nine month baby bear look normal take parent realize kid nonhuman humane,0.0,1.0,0.0,0.0,1.0,0.0
182,uninterrupted rehersal chekhov play company actor setting run unusable stage crumble ceiling play show act act briefest break move prop refreshment lack costume real prop scenery forget,1.0,1.0,0.0,1.0,1.0,0.0
183,chamber come home austin texas start new life brother drive old jealousy place remember memory forget rachel woman marry betray passion gamble man one trifle take care way could price attention know devise plan get control become entangle web intrigue danger desire one escape unscathed,1.0,1.0,1.0,0.0,1.0,0.0
184,five young marine suicide mission vietnam struggle survival jungle minefield mean street home prepare,1.0,0.0,0.0,1.0,0.0,0.0
185,gilbert care brother obese mother get way love walk life,1.0,1.0,0.0,0.0,1.0,0.0
186,law advancement centre letac develop sid version sadistic intelligent virtual reality entity synthesize personality serial killer one man stop,0.0,0.0,1.0,0.0,0.0,0.0
187,love story build misunderstanding transit worker pull commuter peter track mug coma family think peter fiancée correct things get complicated fall brother quite sure claim,0.0,0.0,0.0,0.0,1.0,1.0
188,feisty something chinese canadian try achieve happy medium give parent wish fulfil need desire double happiness somethings get give love beckons shape white university student facade perfect chinese daughter begin slip,1.0,0.0,0.0,0.0,1.0,1.0
189,’ wedding pj ’ film debut humorous emancipation story unemployed woman evolve dreamer self sustain successful woman amusing comedy ’ funny angry serious,1.0,0.0,0.0,0.0,0.0,1.0
190,embittered husband paralyzed wheelchair buttonhole complete stranger begin story marriage stranger would like escape one thing grow fascinate story another mesmerize man wife perfect trick look man eye look away concede sexual supremacy,0.0,0.0,0.0,0.0,1.0,1.0
191,set new movie tell story idealistic young playwright producer julian find funding project gangster catch girl friend get part psychiatrist bimbo could pass psychiatrist dreadful actress agree compromise first step complete seduction neglect longtime girl friend put lead man compulsive eater grand dame want part jazz cheech olives interfere hitman bodyguard playwright decide whether art life important,0.0,0.0,0.0,0.0,1.0,0.0
192,cia draw illegal war fight us government colombian drug cartel,0.0,1.0,0.0,0.0,0.0,1.0
193,streetwise kid see suicide prominent louisiana lawyer whose current client blade mafia hitman jerome shoot tell body senator bury shoot find scene fbi mafia realize know say,1.0,0.0,0.0,0.0,0.0,0.0
194,wife die young daughter become mute withdrawn help cope look hire sassy housekeeper coax shell show daughter whole new way life corrinas friendship delight enrage townspeople,0.0,0.0,0.0,0.0,0.0,0.0
195,one year young rock guitarist fiancée kill ruthless gang criminal draven watch hypnotic crow return grave exact revenge,0.0,0.0,1.0,1.0,0.0,0.0
196,man low iq accomplish thing life present significant historic event case exceed anyone imagine could despite thing attain one true love elude story man rise challenge prove determination courage love important ability,0.0,0.0,1.0,0.0,1.0,1.0
197,four wedding funeral british comedy british man name american name go numerous wedding determine one another,1.0,0.0,0.0,0.0,0.0,0.0
198,malik omar africanamerican student attend track scholarship academic strong suit go think athletic ability earn free ride college fudge ice professional student columbus six year become friendly challenge view race politics america,1.0,1.0,1.0,0.0,1.0,0.0
199,husband chino face marital difficulty feed kid job trouble mother hate neighborhood tramp design chino thing get bad chino go jail get good job uptown marriage save,0.0,0.0,0.0,0.0,1.0,0.0
200,reporter nolte join force uncover train wreck conspiracy bite chew pursue story bickering along way fall love despite fact many year old shesabrina ambitious gifted reporter willing whatever take learn truth train accident lead conflict reluctant partnership fading star newsman peter work rival paper polar opposite chase woman smoke cigar publish novel pursuit story sabrina clash everything subject sabrina indecent exposure front group boy catch skinny dipping,1.0,0.0,0.0,0.0,0.0,0.0
201,simple kindhearted new cop realize money tip waitress offer half winning lottery ticket ticket happen winner sum million true word proceeds share prize money infuriate greedy wife discontented arrangement begin scheme take money,1.0,0.0,0.0,0.0,0.0,1.0
202,freddys … badder historical nemesis man satanic snarl pitchfork finger discovers new monstrous demon take freddys persona nancy stop new threat time save son,0.0,0.0,1.0,0.0,0.0,0.0
203,timid bank clerk magical mask contain spirit norse god entire life change wear mask ipkiss become supernatural playboy exude charm confidence allow catch eye local nightclub singer mask influence rob bank anger junior crime lord whose goon get blame heist,0.0,1.0,1.0,1.0,1.0,1.0
204,maverick gambler would someone fight need additional three thousand dollar order enter winner poker game begin day try win try collect debt recover little loot reward join force woman gambler marvelous southern accent two try enter game,0.0,0.0,1.0,0.0,0.0,1.0
205,promised job fails materialise wyoming mistake hitman hire kill unfaithful wife take full advantage situation collect money run thing go wrong get bad run real hitman,1.0,0.0,0.0,1.0,1.0,0.0
206,family vacation raft expert gail take pair armed killer navigate violent river,0.0,0.0,1.0,0.0,0.0,0.0
207,los cop bomb expert major ransom money rigged elevator tall building rigged bus slow blow bad day nightmare traffic end,1.0,0.0,1.0,0.0,0.0,1.0
208,romantic comedy speechwriter compete political campaign political junky amongst us,1.0,1.0,0.0,0.0,0.0,1.0
209,officer security agency regulate time travel fend life shady politician tie past,1.0,0.0,0.0,0.0,0.0,0.0
210,secret agent united government year keep job wife force reveal identity try stop nuclear terrorist wife kidnap,1.0,0.0,0.0,0.0,0.0,0.0
211,airline pilot wife force face consequence alcoholism addiction threaten life daughter safety woman enter detox husband face truth enable behavior,0.0,0.0,1.0,0.0,0.0,0.0
212,cover life time one west iconic hero weave intricate tale earp friend family star stud cast sweep cinematography authentic costume lead way western revival,0.0,0.0,0.0,0.0,1.0,0.0
213,crowe cia operative thumb company disputed delivery gold blackmail work set private company hire blackmail prominent individual work another former operative blackmail bribe state supreme judge deal sour one crowes coworker discovers current cia involvement plot overthrow blackmail cut deal blackmail occurs manipulates kill cia use discovery blackmail kill trust,1.0,1.0,1.0,1.0,0.0,0.0
214,black detective becomes embroil web danger search fortune miss drug money course investigation various old connection confront criminal responsible expulsion force deal two woman angela beautiful old flame energetic annoy sidekick,0.0,0.0,1.0,1.0,0.0,1.0
215,three stripper seek thrill encounter young couple desert dispatch boyfriend take girl hostage begin scheme cripple old man live two son desert hide tidy sum cash become house guest old man try seduce son attempt locate money realize old man sinister intention,0.0,0.0,0.0,1.0,1.0,0.0
216,story young man confront fear love relationship family friend,0.0,0.0,0.0,0.0,1.0,0.0
217,boy born size small doll kidnap genetic lab find way inventive adventure film use stop motion animation technique,0.0,0.0,0.0,0.0,0.0,0.0
218,col guile various martial art hero fight tyranny cohort,0.0,0.0,0.0,0.0,1.0,1.0
219,cosmo affectless mob bookie live basement retirement home promote hitman learn new trade seasoned killer fall love yoga teacher figure way leave mob,1.0,0.0,1.0,0.0,1.0,0.0
220,three young men decide plan mock kidnapping everything go wrong real bank robbery plan two guy,0.0,0.0,0.0,0.0,1.0,0.0
221,weekend fear therapy turn nightmare terror mannequin come life courage confront demon survive,1.0,1.0,1.0,0.0,0.0,0.0
222,runaway teenage girl drifter rob bank hit road elude texas find love run,1.0,0.0,0.0,0.0,1.0,0.0
223,young caretaker estate reclusive woman develop dangerous obsession daughter sexy television star unexpected twist turn,1.0,0.0,0.0,0.0,0.0,0.0
224,retired detective hire local businessman follow wife split personality seem put danger without know,0.0,0.0,1.0,1.0,0.0,0.0
225,start century training another immortal swordsman japanese sorcerer nakano mako evil immortal name kane kill old wizard resulting battle leave bury underground cave resurfaces century create havoc mcleod stop,1.0,0.0,0.0,0.0,0.0,0.0
226,disappearance hack horror writer hell break loose seem knack description bring evil creepycrawly life insurance investigator send investigate mysterious vanish act end sleepy little east town,1.0,0.0,1.0,0.0,0.0,0.0
227,film chronicle life prca riding world champion marriage friendship threetime world champion,0.0,0.0,0.0,0.0,0.0,1.0
228,tale century new high society young lawyer fall love woman separate husband engage woman cousin,0.0,1.0,0.0,0.0,0.0,0.0
229,chris call upon excellent surveillance record stakeout home mafia trial witness believe head unlike stakeout time accompany office pet rottweiler archie cover husband wife son,1.0,0.0,0.0,0.0,0.0,0.0
230,four former harlot try leave wild west colorado exact head north make good life someone cody past let happen,1.0,0.0,0.0,0.0,0.0,0.0
231,uptight salesman working barcelona office chicagobased company receive unexpected visit cousin naval officer come spain public relation mission us fleet friends past fred strike relationship woman spanish city experience conflict ted employer barcelona community,1.0,1.0,0.0,0.0,0.0,1.0
232,sunny southern california trail two murderer team cop discover amusement park use front massive counterfeiting ring – run gang shot bos,0.0,0.0,1.0,1.0,1.0,0.0
233,fate horse people command reveal narrates circle life,1.0,0.0,0.0,0.0,0.0,0.0
234,attractive girl blind year new type eye operation sight problem sometimes remember see one night awaken commotion upstairs peer door see shadowy figure descend stair convince neighbour murder approach police find unsure new eye play trick,0.0,1.0,1.0,1.0,0.0,1.0
235,tell story work boston bomb squad leave force partner kill bomb think might make someone know,0.0,0.0,1.0,0.0,0.0,0.0
236,marshall tough squarejawed straitlaced army engineer nuclear science expert assign help conduct weaponstesting america become thorn side army though couple different reason outspoken opponent atmospheric testing though superior hold contrary view want squelch concern report problem wife voluptuous volatile wreak havoc personal life stir intrigue new army base,1.0,1.0,1.0,0.0,0.0,0.0
237,environmental inspector travel remote military base order check toxic material bring family along arrive base teenage daughter befriends daughter base commander general people base begin act becomes convince replace plantlike alien,1.0,1.0,0.0,0.0,0.0,0.0
238,top surgeon besotted beautiful woman ditch unable come term life without try convince need idea horrific accident leave mercy plot bizarre sick time end twist,0.0,0.0,0.0,0.0,0.0,0.0
239,puertorican excon release prison pledge stay drug violence despite pressure around lead good life outside nyc,0.0,1.0,0.0,1.0,0.0,1.0
240,birthday begin return home find brother black sheep family sofa wonderful birthdaynight wife discover treasure map curly chance try find hidden gold curlys father desert arizona,0.0,0.0,0.0,0.0,1.0,0.0
241,pogue private eye problem every morning wake total amnesia wake blank slate since middle hot investigation develop romance convenient,1.0,1.0,1.0,1.0,0.0,0.0
242,year lose friend tragic foot fall former ranger partner call return peak rescue group stranded climber learn climber thieve hijacker look box full money,0.0,0.0,0.0,0.0,1.0,1.0
243,enormous coneshaped head robotlike walk appetite toilet paper alien beldar blend population paramus nj reason everyone believe say france odd saturday night live character settle middleclass life featurelength comedy neighbor admire daughter,1.0,0.0,0.0,0.0,0.0,0.0
244,new psychiatrist visit los take murdered colleague therapy group find embroil thick mystery bump begin torrid affair,0.0,0.0,1.0,0.0,0.0,1.0
245,hardasnails cop move robbersons watch hitman move next door hitman one thing survive family,1.0,1.0,0.0,0.0,1.0,0.0
246,two championship rodeo partner travel new find miss friend go miss,0.0,0.0,0.0,0.0,1.0,0.0
247,phoenix violent criminal cryogenically freeze escape parole hearing utopia san police incapable deal violent way turn captor frozen accuse kill innocent people apprehend,0.0,1.0,1.0,1.0,0.0,0.0
248,hankshaw uma thurman bear enormous thumb help hitchhiking u young age become model advertising ny agent countess send ranch ca shoot commercial set background mat whooping crane befriend one cowgirl beauty ranch,1.0,1.0,0.0,1.0,0.0,0.0
249,kathy marry help wonder thing could get old boyfriend married prevents ask friend go see tell tell thing awesome friendship suffers marriage thing get complicated learn pregnant certain boyfriend elliot,0.0,0.0,0.0,0.0,1.0,0.0
250,thirty year witness father murder family run happen familys baby spar arlis suspect nothing return old wound reopen,0.0,0.0,1.0,1.0,1.0,0.0
251,scandal mystery reign follow arrival edwina small irish town populate widow fall local fall son communitys leader,1.0,0.0,0.0,0.0,0.0,0.0
252,new concierge want go business refurbish hotel roosevelt ny need investor week leave option site run help wealthy conceal affair salesgirl wife despite attraction try stay get christian invest million project,0.0,0.0,0.0,1.0,0.0,0.0
253,young man promising future law sit bar exam approach firm make offer refuse seduce money gift shower oblivious sinister side company two associate murder fbi contact ask information life ruin choice work fbi stay firm either way lose life know figure way follow plan,1.0,1.0,1.0,1.0,0.0,0.0
254,michael yearold drug live crowded house cousin aunt father become street bum meet occasion play chess quiet crazy world sister junkie sleep dealer sell story progress realize want sell drug want revenge,0.0,0.0,0.0,0.0,0.0,1.0
255,accuse murder wife escape law attempt find killer clear name pursue team us marshal lead deputy determined detective rest capture lead team series intricate chase discover secret behind wifes death struggle expose killer late,0.0,0.0,1.0,0.0,0.0,0.0
256,apache agree settle us government approve reservation apache able adapt life corn farmer one particular geronimo restless push edge broken promise necessary action government geronimo thirty warrior form attack team humiliate government evade capture whi,1.0,0.0,0.0,0.0,1.0,0.0
257,mccoy put prison partner chickened fly without exchange prisoner lot money know rich business man something big tell wife tell sale get prison pull string release cooperate person get prison,0.0,0.0,1.0,1.0,1.0,0.0
258,max trendy young lesbian trouble find love friend set like frumpy old much common max learn look past packaging,0.0,0.0,0.0,0.0,1.0,0.0
259,criminal lawyer know happen force defend wife killer know guilty,0.0,0.0,1.0,1.0,0.0,0.0
260,womans father go miss enlist local aid search pair father die hand wealthy sportsman hunt homeless men form recreation,0.0,0.0,0.0,1.0,0.0,0.0
261,life small vietnamese village whose serenity shatter war break viet south army village destroy brutalize rap resolve flee leave city survive desperate situation survive meet us treat would like marry,1.0,1.0,0.0,0.0,1.0,0.0
262,find work oddjobman monastery cia want lead rescue mission iraq rescue last rescue team go rescue last rescue team go rescue hostage leave behind,0.0,0.0,0.0,0.0,0.0,0.0
263,english cartographer arrive wale tell resident welsh village mountain hill offended community set remedy situation film base story hear real village old county glamorgan neighbouring due century urbanisation area film rural llanrhaeadrymmochnant llansilin area powys,0.0,0.0,0.0,1.0,1.0,1.0
264,rancher clairvoyant wife family face turbulent year south,0.0,0.0,1.0,0.0,1.0,0.0
265,secret agent man haunt failure save president serve protection detail dallas thirty year man call booth threaten life current president force come back protection detail confront ghost past,1.0,0.0,1.0,0.0,0.0,0.0
266,inkwell boy come age summer,0.0,0.0,0.0,0.0,0.0,1.0
267,race boxing match frank rey get bargain wrong turn path fallon vicious wisecracking drug lord witness murder disloyal henchman four become unwilling prey savage game cat amp mouse stalk urban jungle taut suspense drama,0.0,1.0,1.0,1.0,0.0,1.0
268,wealthy entrepreneur create theme park feature living dinosaur draw prehistoric dna open day invite team expert two eager grandchild experience park help calm anxious investor park anything amuse security system go offline dinosaur escape,1.0,0.0,1.0,0.0,0.0,0.0
269,journalist duo go tour serial killer murder site two companion unaware one serial killer,0.0,0.0,1.0,0.0,0.0,0.0
270,zed eric american vaultcracker travel paris meet old friend eric jeanhugues anglade gang plan raid bank city open bastille day offer service find trap situation beyond control heroin abuse poor planning callgirl name conspire turn robbery bloody siege,0.0,0.0,0.0,0.0,1.0,0.0
271,update lassie legend star troubled city kid whose family retreat country befriend famous collie change good develops ruthless sheep rancher cause trouble everyone,1.0,1.0,0.0,1.0,0.0,0.0
272,danny obsess fictional movie character action hero magical ticket transport late adventure find world movie magic reality collide save life hero new friend,0.0,0.0,1.0,0.0,1.0,1.0
273,lightning australian outlaw wild west bungled bank robbery pick mute hostage two become good friend teach rob bank plan last heist,0.0,0.0,0.0,0.0,1.0,0.0
274,china french diplomat fall love opera singer think,0.0,0.0,0.0,0.0,1.0,1.0
275,ii come age tale detail summer protagonist caine graduate high school story detail real life today tough inner city,1.0,1.0,0.0,0.0,0.0,1.0
276,terrorist hijack inbound washington demand release imprisoned leader intelligence expert suspect another reason reluctant member special assault team assign intercept plane hijacker,1.0,0.0,1.0,1.0,0.0,0.0
277,base true story set prewar japan man one servant begin torrid affair desire become sexual obsession strong intensify ardor forsake life,0.0,0.0,0.0,0.0,0.0,1.0
278,jackie coworkers large law firm decide meet jackies dinner one night,0.0,1.0,1.0,0.0,0.0,0.0
279,shakespearean farce groomtobe team commanding officer week wedding hatch matchmaking scheme target sharpwitted duo beatrice tough task consider corresponding distaste love meddle plot ruin wedding,1.0,0.0,0.0,0.0,0.0,1.0
280,story relationship manic depressive man mr female doctor take professional interest treatment,0.0,0.0,0.0,0.0,1.0,0.0
281,electrician gu get chance fulfill childhood dream buy old bowlingalley friend,0.0,0.0,0.0,0.0,1.0,0.0
282,year ruthless prison warden create ultimate solution troublesome violent inmate secret jungle island prisoner abandon leave die convict murder commanding officer determine escape island order reveal truth behind murderous action clear name,1.0,1.0,1.0,0.0,0.0,0.0
283,elevenyearold north parent busy career give north attention need file lawsuit judge rule north either find new parent return parent within two month north start hilarious journey around world find parent care,1.0,0.0,0.0,0.0,1.0,1.0
284,nobleman inherit parent house thanks command young man change disastrous affair russian princess look solace art appoint ambassador constantinople war rag one morning shock wake woman return home struggle female retain property century roll,1.0,0.0,0.0,1.0,0.0,1.0
285,kidnap boy strike friendship captor escaped convict run law head honorable us,0.0,0.0,1.0,0.0,0.0,0.0
286,long voyage scotland pianist young daughter flora leave belonging include piano new beach mute since childhood sell marriage local man name make little attempt warm alisdair becomes intrigue acquaintance lead tense lifealtering conflict,0.0,1.0,0.0,0.0,0.0,0.0
287,film see world eye main character justice young africanamerican poet mail carrier invite friend along overnight delivery run,0.0,0.0,0.0,0.0,1.0,1.0
288,earth invade alien parasite aka slugs ride people control mind trio american government agent attempt thwart,1.0,0.0,0.0,1.0,0.0,1.0
289,wbn fourth radio network take america airwave confusion night enough owner secretary deal unhappy sponsor overbearing bos soontobe exhusband want broadcast begin mysterious voice break broadcast suddenly member cast turn dead husband find whodunit police chase hall wbn,1.0,1.0,1.0,1.0,0.0,0.0
290,rule bound head butler world manner decorum household maintain test arrival housekeeper fall love postwwi britain possibility romance master cultivation tie nazi cause challenge maintain veneer servitude,0.0,0.0,0.0,0.0,0.0,1.0
291,devito play advertising man sliding downhill fire job detroit sign unemployment one day find job teach think skill army recruit arrive base find structure set class,1.0,1.0,0.0,0.0,0.0,0.0
292,prostitute find dead los skyscraper occupy large japanese corporation detective call investigate although conner previous experience work japan cultural difference make progress difficult security disc show murder turn close scrutiny prove disc doctor detective realize deal coverup,0.0,0.0,1.0,1.0,0.0,1.0
293,unhappy young couple visit infamous kellogg spa battle young hustler try get breakfastcereal business compete corn flake,1.0,0.0,0.0,1.0,1.0,0.0
294,mega corporation bent create pet project replace rot city detroit inhabitant area intention abandon home desire company end ocp decide force leave employ ruthless mercenary army attack harass underground resistance begin fight decide loyalty lie,1.0,1.0,0.0,0.0,0.0,0.0
295,corrupt cop get head try assassinate beautiful russian hitwoman,0.0,0.0,0.0,0.0,0.0,1.0
296,nazi skinhead melbourne take anger local vietnamese see threaten racial purity vietnamese confront skinhead allout confrontation send skinhead run woman prone epileptic seizure join skin merry band help run justice affliction sign impurity,1.0,0.0,1.0,1.0,1.0,0.0
297,reel mother recent death relocate florida start anew find job souvenir store become friend shop owner acclimates new surroundings long juggle affection son goodnatured waver try come term past,0.0,0.0,0.0,0.0,1.0,0.0
298,true story businessman save thousand jewish life nazi work slave factory world war ii,0.0,0.0,0.0,0.0,0.0,1.0
299,picture perfect middle class family shock find one neighbor receive obscene phone call mom take slight family turn one harass neighbor slight beloved family body count begin increase,0.0,1.0,0.0,0.0,0.0,0.0
300,base comic strip put hero arch enemy plan take world hold city ransom use atom bomb use power invisibility power cloud men mind shadow come blaze city rescue explosive result,0.0,1.0,0.0,0.0,0.0,1.0
301,cs worldrenowned writer professor lead passionless life meet spirited poet,0.0,0.0,0.0,0.0,1.0,0.0
302,young boy try set dad date death mother call radio station talk dad ’ lead dad meet journalist annie fly seattle write story boy dad end story popular romantic comedy,0.0,0.0,0.0,0.0,0.0,0.0
303,woman move apartment manhattan learn previous tenant life end tenant fell balcony,1.0,1.0,0.0,0.0,1.0,0.0
304,smogchoked dystopian los blade runner call retirement terminate quartet replicants escape earth seek creator way extend short life span,0.0,0.0,0.0,1.0,0.0,1.0
305,country girl spend life farm south go college feel place daunt urban setting befriend savvy party animal name convince ambivalent rebecca stay city thanksgiving break roll innocent farm girl invite south pretend fiancé,0.0,1.0,0.0,1.0,1.0,0.0
306,bad breakup fall butcher introduce parent voracious consumer sensational tabloid parent come suspect notorious serial killer mrs x want connection string bizarre honeymoon killing think parent foolish propose harriet honeymoon begin right,1.0,0.0,1.0,0.0,1.0,0.0
307,come police family end fight uncle murder father believe killer another cop go record allegation demote duty along new partner jo christman navigate three river look clue discover body time victim woman know find killer prove innocence,0.0,0.0,1.0,0.0,0.0,0.0
308,diane sophisticated trainee new stock exchange kidnap hold captive north african desert hideaway mogul,1.0,1.0,0.0,0.0,1.0,1.0
309,man luck nothing lose approach lead group wealthy hunter expedition pacific thing get twist discover group wild animal,1.0,1.0,1.0,0.0,1.0,0.0
310,maverick skydiver former kgb agent team stop russian mafia steal gold,1.0,0.0,0.0,0.0,0.0,1.0
311,eddy stuart share twothirds dormitory suite bureaucratic error woman name add room first relation among three tense fall stuart lust,1.0,1.0,1.0,0.0,0.0,1.0
312,dartagnan travel paris hop become musketeer one french king elite bodyguard discover corp disband connive hop usurp throne athos porthos refuse lay weapon continue protect king dartagnan join rogue expose plot crown,1.0,0.0,1.0,0.0,1.0,1.0
313,legendary marshal weary gunfighter join brother virgil pursue collective fortune thriving mining town tombstone force badge get help notorious pal doc holliday gang renegade brigand rustler begin terrorize town,1.0,0.0,1.0,0.0,0.0,0.0
314,juror trail mob bos young son life threaten option see justice unmake,0.0,0.0,0.0,0.0,1.0,0.0
315,clarence marries hooker steal cocaine pimp try sell hollywood owner coke try reclaim,0.0,0.0,0.0,0.0,0.0,0.0
316,know lot accident much scar anything might endanger like rid bike climb treehouse old library transport unknown world book try get home along way meet interesting character like horror write,0.0,0.0,0.0,0.0,0.0,1.0
317,lyrical modernday film noir find cynical hit man tiring job ask bos mob kingpin george time give assignment life prompt soulsearching reach new height ask kill sultry fiona mimi owe money claim want die spends time find fall,0.0,0.0,0.0,0.0,1.0,0.0
318,mid century north france story coal miner town exploit mine owner one day decide go strike authority repress,1.0,0.0,0.0,0.0,1.0,0.0
319,military men task take prisoner blonde bombshell become unforgettable road trip enlistee trouble desert unit prove crafty inmate,1.0,0.0,1.0,0.0,0.0,0.0
320,face mortality ingenious alchemist try perfect invention would provide key eternal life call cronos device die year take secret remarkable device grave elderly antique dealer find hellish machine hide statue incredible power use device younger become nothing come without price life death beginning nerveshattering thriller unfolds fountain turn bloody,1.0,0.0,1.0,0.0,1.0,0.0
321,naked new begin car grow jake talk us girlfriend joanne watch facial expression turn help face life parent nyaa forget flash memory parent college house across squirrel infest peanut factory best friend write career joanne,0.0,1.0,0.0,0.0,1.0,0.0
322,ideal marriage thrive others company funny enjoy two grown child dotty trouble walk malady defies medical diagnosis care let business slide civic luncheon seat next novelist blind nice time contact make odd request decline health resolve bring triangle unlikely friend surprising place,1.0,1.0,0.0,0.0,1.0,0.0
323,french football play exchange student fall love,0.0,0.0,0.0,0.0,1.0,1.0
324,spanky character make famous gang short bring back life nostalgic childrens comedy start question devotion club principle fall beautiful nineyear old rest gang set keep apart,0.0,0.0,0.0,0.0,1.0,0.0
325,film show difficulty honest imperil judge bodyguard four men try clean sicilian town local politician work handinhand mafia stop nothing prevent exposure racket,1.0,0.0,0.0,0.0,0.0,1.0
326,lola pregnant ignore father black muslim son diplomat felix pennyless jewish messenger felix meet lolas race begin,0.0,0.0,0.0,0.0,1.0,0.0
327,leonor widow small south american town give birth dwarf mother provide rich childhood daughter erase clue daughter might see would lead think different mother burn book destroy lawn statue gnome short want talk mother succeed create modernday rapunzel become accomplished young woman capture heart ludovico circus come town,1.0,0.0,0.0,0.0,0.0,0.0
328,wheat banker artist two love murder friend corrupt business partner shady business deal leave roam earth powerless spirit learn carls betrayal seek help psychic oda mae set thing right protect carl goon,0.0,0.0,1.0,0.0,1.0,1.0
329,princess grows tire force remain palace sneak marketplace disguise meet streeturchin two fall love although may marry prince throw jail become embroil plot find mysterious lamp evil hop rule land,1.0,0.0,0.0,0.0,1.0,1.0
330,year pass since target termination cyborg future son future leader resistance target new deadly terminator resistance manage send protector attempt save mother,1.0,0.0,1.0,0.0,0.0,0.0
331,wound soldier try commit suicide – become hero assign dream post remote junction western frontier make unlikely friend local sioux tribe,0.0,0.0,0.0,1.0,1.0,0.0
332,private eye help amnesiac cia agent elude mobster want regain memory drug operation,0.0,1.0,1.0,1.0,0.0,1.0
333,dark begin war crime major enemy homicidal seize control gothams underworld,0.0,0.0,1.0,0.0,0.0,1.0
334,fbi trainee venture maximumsecurity asylum pick diseased brain psychiatrist turn homicidal cannibal starling need clue help capture serial killer faustian relationship lead escape two derange killer loose,0.0,0.0,1.0,0.0,0.0,0.0
335,follow adventure belle bright young woman find castle prince turn mysterious beast help castle enchant staff belle important lesson true beauty come within,1.0,1.0,0.0,0.0,0.0,1.0
336,millionaire wheelerdealer enter business contract hooker lose heart bargain charming romantic comedy hire vivian date week give cinderella makeover return favor mellow hardnosed tycoon outlook poor prostitute rich capitalist live,1.0,1.0,0.0,0.0,1.0,1.0
337,age outlaw prepare retire one final robbery join gang include brother lyle warren discover heist setup orchestrate part old partner remain gang take refuge mexican territory trail result fierce gunfight plenty casualty,1.0,0.0,1.0,1.0,1.0,0.0
338,smalltime criminal attempt rob convenience store drugaddict buddy robbery lead murder leaf behind go run beloved girlfriend head toward mexico fugitive couple get plenty medium coverage people trail starlene make south border without get catch,0.0,0.0,1.0,1.0,1.0,0.0
339,emerge chinese film renaissance raise red farewell concubine haunt folk tale set rural china tell story young woman force grieve death man destine marry combine astonish visuals intriguing plot turn move drama miss spirited young mistress kidnap way arranged wedding groom kill explosion attempt rescue peasant charge care kui manage free groom bitter mother force young honor agreement marry wooden statue son stay chaste fascinate exploration forbidden love rigid social hierarchy reveal culture turmoil tradition take cruel extreme young lover may succumb,1.0,1.0,0.0,1.0,0.0,0.0
340,film three divorced men relationship exwives child new woman life carry torch ex trouble relate teenage daughter make commitment carry lot toward ex wind blind date hell needle blathering radio psychologist dispense advice subject divorce,1.0,1.0,0.0,0.0,0.0,0.0
341,parker architect mother sammy newspaper columnist father maggie divorce meet one morning overwhelmed leave unexpectedly forgets take school result child miss school field trip stick parent two adult project negative stereotype exspouse end need watch child save job add propensity lodge object nose tendency wander,1.0,0.0,0.0,0.0,0.0,0.0
342,turnofthecentury love story center around young doctor emergence modern science,1.0,0.0,0.0,0.0,1.0,1.0
343,minnesota car salesman burst seam debt get plan go hire two thug kidnap wife scheme collect hefty ransom wealthy fatherinlaw go snap nobody go get hurt people start die police chief coffeedrinking parkawearing pregnant investigator stop nothing get man think smalltime investigative skill give crook run ransom betcha,0.0,0.0,1.0,1.0,1.0,0.0
344,glowing orb terrorize young girl collection story dark fantasy eroticism horror,0.0,0.0,0.0,0.0,0.0,1.0
345,nd century scientist attempt wrong ancestor create puzzle box open gate hell unleashes cenobite legion,1.0,1.0,1.0,1.0,0.0,0.0
346,aspire architect tell mysterious ruth best friend take life except meet incredulous friend agrees give eulogy bill funeral set collision course ruth reveal oversexed mother longtime crush see since teen,0.0,0.0,0.0,0.0,1.0,0.0
347,eyre orphan cast young girl aunt mrs reed send raise harsh charity school girl learn come seeks employment outside school advertisement answer housekeeper thornfield mrs fairfax,0.0,0.0,0.0,0.0,0.0,0.0
348,group young friend convene countryside shoot horror movie experiment lsd see normal boundary collapse tragedy strike,0.0,0.0,0.0,0.0,1.0,0.0
349,paredes leocadia leo woman write “ pink ” romance novel alias amanda popular across spain unlike romantic novel love life trouble less happy relationship husband military officer station brussels bosnia distant,1.0,1.0,0.0,0.0,1.0,0.0
350,young gallerist love two sister time order solve problem decide invent twinbrother,0.0,1.0,1.0,0.0,0.0,0.0
351,prison guard fall love inmate want let escape,0.0,0.0,0.0,0.0,1.0,0.0
352,nightclub manager perpetual playboy devote job pursuit beautiful woman set sight ultraclassy launch allout assault win heart charm lust passion prevail learn hard way play hard get rid get realize rival vying affection decide call quit become obsessed femme fatale stalk new love life,1.0,1.0,0.0,0.0,0.0,0.0
353,group idealistic frustrate liberal succumb temptation murder rightwing pundit political belief,0.0,1.0,1.0,0.0,0.0,0.0
354,arrogant highpowered attorney take case poor altar boy find run scene murder bishop take case get lot complex accuse reveals may may rd person room intensity build surprise twist alters everyones perception crime,0.0,0.0,1.0,1.0,0.0,0.0
355,base book farmer yearold life family farm die teach two room schoolhouse lover best friend widow lack college degree learn lose teach job end year school district expand town seduce yearold catherine new student class affair lose teach job force take look dull life decide want live rest,0.0,1.0,0.0,0.0,1.0,0.0
356,return earth find along way meet young boy name run home,0.0,0.0,0.0,0.0,0.0,1.0
357,movie narrate story unemployed worker member communist fight republican side spanish antifascist coalition liberal communist anarchist experience document homage catalonia join poum worker militia witness hand betrayal spanish revolution stalinist loyal dictat moscow,1.0,0.0,0.0,0.0,1.0,1.0
358,alternate futuristic society tough female police detective pair talk dinosaur find killer dinosaur prehistoric animal lead mad scientist bent create new armageddon,0.0,1.0,1.0,1.0,0.0,0.0
359,person narrative gay serial killer explores violence sexuality imagination,0.0,0.0,1.0,0.0,0.0,0.0
360,land foot land foot marry beautiful land foot buy luxurious new home go labour take tumble stair land head come around discover proud father baby girl deficient spouse department tune,0.0,0.0,0.0,0.0,1.0,1.0
361,wife mistress cruel school master collaborate plan execute attempt murder plan go dump disappears strain start tell two woman retired police investigator look disappearance whim begin think know tell mental state help victim see alive one pupil,0.0,0.0,1.0,0.0,0.0,0.0
362,troubled find drawn author childrens book suffer enormous emotional creative blockage since wife die motorcycle accident two year daughter keep company romance bloom daughter approves carry heavy emotional baggage stem incest suffer hand father,1.0,0.0,0.0,0.0,0.0,0.0
363,leave lazy unemployed husband work retired judge mr arnaud forty year senior offer clear bill type memoir two develop close friendship becomes jealous begin date goodlooking young publisher,0.0,0.0,1.0,1.0,0.0,0.0
364,u officer make friendly fire mistake cover reassign desk job task investigate female chopper commander worthiness award medal honor seem order begin inconsistency testimony witness,0.0,0.0,0.0,0.0,0.0,0.0
365,leader crack espionage team whose perilous operation go awry explanation discovers mole penetrate cia surprise learn suspect clear name hunt ferret real double agent process score,0.0,0.0,0.0,1.0,0.0,1.0
366,daughter thief young moll place care nunnery execution mother action abusive priest lead rebel teenager escape dangerous street london misfortune drive accept job prostitute connive mrs allworthy meet work allworthys servant take special interest young woman wellbeing help retain hope future fall love unconventional artist promise possibility romantic happiness,1.0,1.0,0.0,0.0,0.0,1.0
367,two obsessivecompulsive chef anorexic writer neighbor apartment building chef try entice fabulous meal writer refuse eat refusal begin turbulent relationship force woman delve past torment,1.0,0.0,0.0,0.0,0.0,0.0
368,eddie new limo driver fanatical follower new professional basketball team team struggle mediocre record midseason burgess new owner public relation gimmick stag honorary coach contest win fan love fire coach hire take bunch overpaid prima,0.0,0.0,1.0,0.0,0.0,0.0
369,talented mimic moocher forger allaround criminal improviser guess,0.0,0.0,0.0,1.0,0.0,0.0
370,set north long hot august weekend victorian calm household upset arrival london couple impose city way thought base family adaptation play,1.0,1.0,0.0,1.0,0.0,1.0
371,year old girl take charm young man show color beat friend walk go ballistic try break,0.0,0.0,0.0,1.0,1.0,0.0
372,black marketeers marko blacky manufacture sell weapon communist resistance wwii live good life along way surreal duplicity propels rank communist abandon steal girlfriend lengthy stay belowground shelter couple reemerges yugoslavian civil war realizes situation ripe exploitation,0.0,0.0,0.0,1.0,1.0,1.0
373,film set whole europe embroil wwii deal attraction year old boy stig teacher whole movie revolve around sexual encounter stig grow,0.0,0.0,0.0,1.0,1.0,1.0
374,thief get catch steal ancient katana east find imprison beat crowd one guard feel upset appearance torture get opportunity find friend mentor jailhouse teach superior fighting style call best kumite take place get invitation need find way let take part kumite,0.0,1.0,0.0,1.0,1.0,0.0
375,mad evil scientist dr create evil little scheme bind give world global domination thing first plan torment robot send real stinker film watch call island convince movie drive insane ultimate cheese break boys spirit,1.0,1.0,0.0,0.0,0.0,1.0
376,future sexual woman task finding stop evil duranddurand along way encounter various unusual people,1.0,0.0,1.0,0.0,0.0,1.0
377,weekend fun become fight survival three american woman land mexican jail molest guard attempt escape help fellow prisoner,0.0,0.0,0.0,1.0,1.0,1.0
378,alien come earth spawn deep beneath ocean begin terrorize florida beach community ichthyologist young filmmaker team monster deep strike,0.0,0.0,0.0,0.0,0.0,1.0
379,year commit double murder go release institution insane local reporter come talk listen horror life lead crime short film inspire fulllength sling,0.0,0.0,1.0,0.0,0.0,1.0
380,irish lad flee oppressive widow father fall girl victoria affluent family,0.0,0.0,0.0,0.0,1.0,0.0
381,american privateeye arrive alphaville futuristic city another planet rule evil scientist name outlaw love selfexpression,1.0,1.0,0.0,0.0,0.0,1.0
382,shire subject perverse obsession lesbian neighbor lust hire rapist order get audio tape moaning turn pepping tom watch telescope begin affair,1.0,0.0,1.0,0.0,0.0,0.0
383,adaptation chekhov set rural australia run family farm support brotherinlaw brilliant literary critic london action begin return beautiful young wife reveal arrogant failure want sell farm blakemore introduces theme australia separation england pacifist ecological philosophy espouse local,0.0,1.0,0.0,0.0,1.0,1.0
384,five green beret station vietnam undertake mission lifetime transport pound elephant mile rough jungle terrain high jinks prevail promise montagnard villager dak replace prize elephant time important ritual capt tc mission become jumbosized headache,1.0,0.0,0.0,0.0,0.0,1.0
385,eastberlin erection wall three friend plan daring escape western attempt successful except remain behind next year attempt meet spite iron become reputed astrophysicist try take advantage scientific congress outside arrange encounter country political police stasi monitor move suspicious people sister husband preserve one privacy ideal selfrespect becomes exhaust eastern block begin process disintegration,0.0,1.0,1.0,0.0,1.0,1.0
386,doyle eighteen pregnant boyfriend kick accidentaly end train meet wife pregnant train wreck wake hosptial find assume mother take fall love brother think everything go way exboyfriend show,0.0,0.0,0.0,0.0,0.0,0.0
387,android fightingmachine charge destroy small brigade rebel latin american war fight maintain freedom protect village contrary programming decide stay assist rebel plight gain information creator develop powerful android try defeat,0.0,0.0,0.0,0.0,0.0,1.0
388,job cia exmarine visit high school love teacher columbus high school miami arriving knee cap break jogging decide go undercover substitute high school find gang name destruction terrorize school,0.0,0.0,0.0,0.0,0.0,1.0
389,giordano bright intelligent student go catholic school addiction mystery detective magazine hence title movie inspire detective work start snoop around case murderer teenage girl get hot water mentor start team police cadet two work find murderer mary get solve murder danger put next victim,0.0,0.0,1.0,1.0,0.0,0.0
390,eunice walk along highway northern england one fill station another search woman say love bad luck woman cash desk eunice eccentric angry extreme dangerous one day meet hard hearing little ingenuous feel sympathy eunice take home impressed eunices fierceness follow search shock eunices cruelty try make good person loose ground,1.0,0.0,0.0,0.0,0.0,0.0
391,claytons vincent donofrio marriage exstripper freddie come strongarmed match red delroy club proprietor favor fall love jiaks brother pair try escape situation red catch result threat two although tension start build red,0.0,0.0,0.0,0.0,0.0,1.0
392,struggle american writer fellow american expatriate begin sordid affair among chaos discord paris france brink world war ii,0.0,0.0,0.0,0.0,1.0,1.0
393,large pathetic year old whose thought fill image one melissa lefevre shy think chance get uncool surprised rest school choose dance winter ball one surprise coolkid set fail best friend go help win heart melissa develop new look,0.0,0.0,0.0,0.0,1.0,0.0
394,fed boarding school frustrate way others plan life jr want change anything shake staid routine moment arrive stumble upon woman unconscious field decide risk take dorm look much disapproval friend decision prove fateful grow one another may keep secret,0.0,1.0,1.0,0.0,1.0,0.0
395,ghanggheng ancient winnertakeall competition around world employ spectacular feat martial art skill display order win prized golden fight prowess differ enough triumph daunting foe,0.0,0.0,0.0,0.0,1.0,1.0
396,young director get first job direct play mental hospital patient cast play fan tutte opera,1.0,0.0,0.0,0.0,1.0,1.0
397,los special crime squad lapd investigate murder young woman,0.0,0.0,1.0,1.0,0.0,1.0
398,successful veterinarian radio show host low selfesteem ask model friend impersonate handsome man want see,0.0,0.0,0.0,0.0,1.0,0.0
399,beautiful young dentist work tough british prison start become attracted violent inmate breakup marriage embark upon illicit affair terrible consequence,0.0,0.0,0.0,0.0,0.0,0.0
400,run murder man accountant encounter strange north american man name nobody prepare journey spiritual world,0.0,0.0,1.0,0.0,0.0,1.0
401,time war disease young officer try help young woman find husband,0.0,0.0,0.0,0.0,0.0,1.0
402,tough gang teenage girl look love fight turf mean street city bad girl core outrageous high school hoodlum go want create mayhem go,0.0,0.0,0.0,0.0,0.0,0.0
403,outrageous timetravel comedy follow misadventure wacky medieval knight jean faithful servant transport contemporary time senile sorcerermayhem rule thcentury visitor try adapt confusing modern world avoid stick good begin allout cosmic assault former castle luxury hotel quest return past,1.0,0.0,0.0,0.0,0.0,1.0
404,construction worker find pressure work life combine duty wife daughter leave little time approach geneticist dr owen leeds offer unusual solution problem cloning,0.0,0.0,1.0,0.0,0.0,0.0
405,catholic school newcomer fall clique teen witch wield power dare cross teacher rival meddlesome parent,1.0,0.0,0.0,0.0,1.0,1.0
406,upon take new job young lawyer assign clemency case woman convict degree murder sentence death investigate background case two begin deep friendship date execution draw nearer,0.0,1.0,1.0,1.0,0.0,0.0
407,adaptation satirical british novel plucky london society girl orphan age find new home rough relative starkadders cold takecharge attitude encouragement mischievous friend change starkadders live settle rustic estate bring backward clan date find inspiration novel process,1.0,0.0,0.0,0.0,1.0,0.0
408,hardened new cop toss badge settle life bayou wife bizarre plane crash draw fray family threaten,0.0,0.0,0.0,0.0,0.0,0.0
409,violent street gang rebel rule street gary indiana rebel shoot storekeeper give police information driveby shooting commit son former nfl star create rebel return gary little help friend destroy rebel way,0.0,0.0,1.0,1.0,1.0,0.0
410,group renegade marine commando seize stockpile chemical weapon take alcatraz tourist hostage leader demand million pay restitution family marine die covert ops – launch rocket carry vx gas san area,1.0,1.0,1.0,1.0,0.0,0.0
411,tv weatherman try get tornadohunter wife jo sign divorce paper marry girlfriend form series intense storm sweep across oklahoma plan three join team stormchasers attempt insert revolutionary measuring device heart several violent tornado,1.0,0.0,1.0,1.0,1.0,0.0
412,sexy nightclub owner moonlight mercenary one last free zone fascist united scientist wanders barb establishment get rope topsecret government plot involve biological weapon reunite old flame cora husband guerrilla fighter result plenty tense action,1.0,1.0,0.0,1.0,1.0,1.0
413,year barrier world break net cybernetics bring new vulnerability human form brainhacking highlywanted hacker know begin involve politics section group cop call investigate stop puppetmaster,0.0,0.0,1.0,0.0,0.0,1.0
414,fat lawyer find grow thinner old gypsy man place hex lawyer call upon friend organize crime help persuade gypsy lift curse time run desperate lawyer draw close death grow thin,0.0,1.0,1.0,0.0,1.0,0.0
415,evil gen sight set world domination one man stop know wd need obtain computer circuit missile plan fire team kgb agent whose father design chip try locate evil mastermind headquarters several hostage hold,0.0,0.0,0.0,0.0,0.0,1.0
416,want consolidate smalltime number racket operator one big powerful operation elder brother one smalltime operator want stay way prefer deal gangster dominate bigtime,0.0,1.0,1.0,1.0,0.0,1.0
417,ziminski astrophysicist receive message seem extraterrestrial origin discovery fire embark search determine origin transmission lead hitchcockian labyrinth paranoia intrigue,1.0,0.0,0.0,1.0,0.0,0.0
418,australian blowhard raise two orphaned child year lead wwii,1.0,0.0,0.0,1.0,0.0,1.0
419,general ripper initiate nuclear strike soviet action general buck discover war room full politician general russian diplomat try stop nuclear strike near end scene unforgettable performance slim movie career play multiple role film,1.0,0.0,0.0,0.0,1.0,1.0
420,year spend april elegant hillside villa year society artist father die englishspeaking guest brash american arrive suggest meet cocktail stand think help new nanny italian family settle tall young american drop finish school switzerland bore find amusement flirt major whose libido awaken first time since war find major admire ear,0.0,0.0,0.0,0.0,1.0,1.0
421,film set five part five season part chinese almanac story take place jianghu world martial art live western desert year leave home white woman love choose marry elder brother seek glory end agent people come wish eliminate someone wrong put touch swordsman job,0.0,0.0,0.0,0.0,1.0,1.0
422,stalingrad follow progress german brutal fighting battle stalingrad half number wipe place command sadistic captain lieutenant platoon lead men desert men platoon attempt escape city surround soviet army,1.0,1.0,0.0,0.0,0.0,1.0
423,st successor role bengallas resident superhero travel new prevent rich madman obtain three magic skull would give secret ultimate power,1.0,0.0,1.0,0.0,1.0,0.0
424,bounced job need money chance win custody child confront naked truth take system take strip conquer face unintended circumstance hound dog congressman zero sharpen shady tool fingertip include blackmail murder,1.0,0.0,1.0,0.0,0.0,1.0
425,victor cook work greasy barrestaurant mother two waitress name heavy drinking regular thing change beautiful college dropout show new waitress steal victor heart shy anything overweight dream win away,0.0,1.0,0.0,0.0,1.0,0.0
426,powell suffers affliction make grow four time normal yearold look like yearold man year tutor home convince overprotective parent send public school child ignore make jack help fifthgrade make effort win,1.0,0.0,0.0,0.0,1.0,0.0
427,young man dream pursue career music move form small village capital along way fall head heel woman woman bos pursue reason,1.0,0.0,0.0,0.0,0.0,0.0
428,cowherd skullmounted motorcycle university student meet dakar put life senegal plan make money paris,0.0,1.0,0.0,0.0,1.0,1.0
429,union soldier search food descend farm confederate family decide stay one rank wound heal war weary union captain fall mother family whose husband fight rebel son plot revenge dirty doubledealing yankee costar,0.0,1.0,0.0,0.0,1.0,1.0
430,two stranger whose path cross meet fate step take twenty year fall love sight,0.0,0.0,0.0,0.0,1.0,0.0
431,july giant alien mothership enters orbit around earth deploy several dozen saucershaped destroyer spacecraft lay waste major city planet july united conduct coordinated counterattack fail july plan devise gain access interior alien mothership space order plant nuclear missile,1.0,1.0,0.0,0.0,0.0,1.0
432,harmon american teenager arrive lush tuscan countryside sculpt family friend live beautiful villa visit four year exchange kiss italian boy hop become reacquainted,0.0,0.0,0.0,0.0,1.0,1.0
433,san pay centerfielder million lead team world series one happy supportive fan becomes bad slump career obsessed decides stop nothing help idol regain former glory murder,0.0,0.0,1.0,0.0,0.0,1.0
434,single move new apartment cable guy chip come hook let go chip overzealous desire pal try end friendship chip show dark side begin stalk leave fend one believe chip capable behavior,0.0,1.0,0.0,0.0,1.0,0.0
435,us marshall erase identity people enrol witness current assignment protect uncovered evidence weapon manufacturer work sell terrorist group discovers corrupt agent within program guard life try protect,1.0,0.0,1.0,0.0,0.0,1.0
436,star shy dr sherman klump kind brilliant challenge genetic professor beautiful join university faculty grow desperate whittle pound frame size win heart one swig experimental fatreducing serum become fasttalking pumpedup plump,1.0,0.0,0.0,0.0,1.0,0.0
437,romania young marietherese von debretsy refuse flirtatious advance husband command officer result cosmopolitan family reassign bleak dangerous outpost bulgarianromanian frontier relationship humanity test,1.0,1.0,0.0,0.0,0.0,1.0
438,group armed robber flee police head new run truck transport toxic waste spectacular explosion follow result end tunnel collapsing handful people survive explosion peril man skill knowledge lead band survivor tunnel structure collapse,1.0,1.0,1.0,1.0,0.0,1.0
439,skeleton murder predecessor find unearths many longburied secret texas border town,1.0,0.0,1.0,0.0,0.0,0.0
440,ordinary man see bright light descend sky discovers superintelligence telekinesis,0.0,0.0,1.0,0.0,1.0,0.0
441,thing tough amelia best friend move apartment cat get cancer best friend get marry cop thing help andrew frank brief romance,0.0,1.0,0.0,0.0,1.0,0.0
442,mickey freespirited new cabbie francis materialistic wall stockbroker competitive confuse woman result father influence though disagree everything one thing common exfiance franciss secret love though brother beautiful wife trigger longtime sibling rivalry,1.0,0.0,0.0,0.0,1.0,0.0
443,young lawyer defend black man accuse murder two men rap yearold daughter spark rebirth kkk,0.0,0.0,1.0,0.0,0.0,0.0
444,three story love coincidence around theme date paris,0.0,0.0,0.0,0.0,1.0,1.0
445,routine prison work detail convict chain dodge cyberhacker gunfire break attack relate steal money mafia computer file somebody want bury pair enjoy others company escape work reach alive meet woman may willing help,1.0,1.0,0.0,0.0,0.0,0.0
446,oneal rap genie protect little boy,0.0,0.0,0.0,0.0,0.0,1.0
447,controversial talk show host become involve murder beautiful woman war rating,0.0,0.0,1.0,0.0,0.0,1.0
448,tale power passion obsession set torn eastern country,1.0,1.0,0.0,1.0,0.0,1.0
449,wyn antiwar biopic farmer son poet living trawsfynydd meirionydd countryside upland compete coveted prize welsh chair national august due hold birkenhead one rare occasion hold england submit entry bardic name bless evans departs meirionydd train join royal fusilier liverpool despite initial misgiving war send fight trench flanders first welshlanguage film nominate oscar,1.0,0.0,0.0,0.0,1.0,1.0
450,bombastic womanize art dealer painter friend go seventeenthcentury villa riviera relaxing summer getaway idyll disturb presence bohemian haydée accuse “ collector ” men,0.0,0.0,0.0,0.0,1.0,1.0
451,journey american professor arrive wife helene portuguese convent expect find document need prove theory bear spain england,1.0,0.0,0.0,0.0,1.0,1.0
452,group homosexual people try live dignity selfrespect event build opening battle major gay movement,1.0,0.0,0.0,0.0,1.0,1.0
453,rich man son kidnap cooperate police try unique tactic criminal,0.0,0.0,1.0,1.0,0.0,0.0
454,story five teenage girl form unlikely bond beat teacher harass build solid friendship wild way begin get control,0.0,0.0,0.0,0.0,0.0,0.0
455,two researcher green alternative energy project put run frame murder treason,0.0,0.0,1.0,0.0,0.0,0.0
456,woodhouse congenial young lady delight meddle people ’ affair try unite men woman wrong despite interest romance clueless feeling relationship gentle,0.0,0.0,0.0,1.0,0.0,0.0
457,little son murder reason judah men return dead take revenge one one judah people face power dark angel second film base cult comic,0.0,0.0,1.0,1.0,0.0,1.0
458,professor genessier guiltstricken daughter face disfigure car accident intend rebuild daughter face via graft skin tissue need supply donor experiment,0.0,0.0,1.0,0.0,0.0,1.0
459,situation play different city new japan lover choose whether commit partner return home case people involve expartner someone permanent relationship choose,0.0,1.0,1.0,1.0,0.0,0.0
460,time cataclysmic temblor hit los turn island president view quake sign expels los country make penal colony find guilty moral crime daughter part resistance movement steal control unit doomsday weapon get tap save day,0.0,1.0,1.0,0.0,0.0,0.0
461,wash golf pro work driving range try qualify u order win heart succesful rival girlfriend,1.0,0.0,0.0,0.0,1.0,1.0
462,detective team female counterpart stop chinese drug czar,0.0,0.0,1.0,1.0,0.0,1.0
463,corky tough female ex violet concoct scheme steal million stashed mob money pin blame violet us crook boyfriend,1.0,0.0,0.0,0.0,0.0,1.0
464,altmans story riff race class power crosscuts two kidnapping background corrupt politics virtuoso jazz music take place kansa,1.0,1.0,0.0,0.0,1.0,0.0
465,pair idea affair overseen orchestrate angel send see remain romantic comedy,1.0,0.0,0.0,0.0,1.0,0.0
466,young street fighter seek revenge powerful drug lord kill entire family using many special combat skill take whole criminal operation reach goal whatever consequence,0.0,1.0,1.0,1.0,0.0,1.0
467,crime wave sweep hong police call yeoh rise star rank help stop notorious gang thief realize boyfriend discharge force leader ruthless crime ring,0.0,0.0,1.0,1.0,0.0,0.0
468,researcher chicago return south crate contain finding crate arrive museum without owner appear little inside gruesome murder cargo ship bring crate u another murder museum,0.0,0.0,1.0,0.0,0.0,0.0
469,shipwrecked sailor stumble upon mysterious island shock discover brilliant scientist lab assistant find way combine human animal dna horrific result,1.0,1.0,0.0,1.0,0.0,0.0
470,tenuous man hold civilization survival become issue light go stay several day suburbanite learn hard way man nature predatory creature longtime friend happen second day rivalry two friend simmer care sick baby mean man inhumanity man,0.0,0.0,0.0,0.0,1.0,0.0
471,undercover police officer name befriend drug dealer car thief name bid catch villainous drug lord problem keats cop real name work lapd bust moses colton sting operation lapd set,0.0,1.0,1.0,1.0,0.0,1.0
472,story young irish woman come spain escape pressure feel impending marriage political activist ireland spain take job governess wealthy family find kind political unrest fact long find attract marry man involve struggle fascism franco awaken nature bring men resolve life leave ireland,0.0,1.0,0.0,0.0,0.0,0.0
473,six year terrorize town haddonfield illinois disappear kidnap bunch evil druid protect six year escape give birth michael child run haddonfield get dr loomis help,1.0,0.0,0.0,0.0,0.0,0.0
474,shakespeare comedy gender confusion girl disguise man near count pursue woman love,1.0,0.0,0.0,0.0,0.0,0.0
475,vienna beginning twentieth century end affair meet young daughter opera violinist hears past misfortune,1.0,0.0,0.0,0.0,0.0,0.0
476,atmospheric comingofage story feature imaginative young boy name dream escape dangerous poland eve war beautiful venice,0.0,0.0,0.0,0.0,0.0,1.0
477,set rural france end algerian war immerse music sixty film follow four student friendship love francoiss best friend girl maite fall love boy fall maite outsider algerianborn frenchman flee war catalyst francois find identity,0.0,0.0,0.0,0.0,1.0,1.0
478,spain place man action like civil war go jordan join side appeal idealist era like friend give highrisk assignment mountain right time blow bridge cave,1.0,0.0,0.0,0.0,1.0,1.0
479,philadelphia heiress throw playboy husband ck marriage two year marry respectable whilst work magazine arrives lord mansion day wedding journalist photographer determine spoil thing,0.0,0.0,0.0,1.0,1.0,0.0
480,hollywood famous onscreen romantic pair silent movie mistake onscreen romance real love film transform musical perfect voice song strident voice face studio dub voice aspiring actress bring work movie fall love,0.0,0.0,0.0,0.0,1.0,1.0
481,mulligan exuberant american expatriate paris try make reputation painter friend struggle concert pianist long time associate famous french singer society woman take wing support interested art,0.0,0.0,0.0,0.0,1.0,1.0
482,shy book clerk discover fashion photographer whisk paris become reluctant model,1.0,0.0,1.0,0.0,1.0,0.0
483,fortune hunter find captivate aspire writer move building wealthy woman dime romance bloom show scene reveal past,1.0,1.0,0.0,0.0,1.0,0.0
484,retired detective suffering acrophobia investigate strange activity old friend wife become obsess,0.0,0.0,1.0,1.0,1.0,0.0
485,professional photographer lb jeff jeffries break leg get action shot auto race confine new apartment spend time look rear window observe neighbor begin suspect man across courtyard may murder wife enlist help high society fashionconsultant girlfriend visit nurse investigate,0.0,1.0,1.0,0.0,1.0,0.0
486,tie knot society aviator king westley whisk yacht king clutch jump ship wind bus head husband accept help outof work reporter give choice either stick get blow whistle ellie father either way get want juicy newspaper story,1.0,0.0,0.0,0.0,0.0,0.0
487,late century study music italy end abandon class fall love gallant couple marries move live home inherit aunt famous singer house ten year though certain see house gaslight dim every evening strange noise come attic gregory convince imagine thing meanwhile scotland inspector become sympathetic paulas plight,1.0,0.0,0.0,0.0,1.0,1.0
488,fall without know married try get divorce dizzy aunt incompetent lawyer hire professional correspondent pose lover give mimi code phrase think faux beau confuse genuine interest part act,0.0,0.0,1.0,0.0,1.0,0.0
489,advertising man mistake spy trigger crosscountry chase,1.0,0.0,0.0,1.0,0.0,0.0
490,minor clerk huge new insurance company quick way climb corporate ladder lend apartment executive place take mistress although deal aftermath visit one night leave major problem solve,0.0,1.0,1.0,1.0,0.0,0.0
491,two musician witness mob hit struggle find way city find gangster opportunity join allgirl band leave tour make getaway first disguise woman keep identity secret deal problem bring attractive bandmate determined suitor,1.0,1.0,1.0,1.0,0.0,0.0
492,fall dashing skiing holiday french discover upon return paris husband murder give chase three late husband world war ii crony tex gideon quarter million dollar quartet stole behind enemy line keep change name,0.0,0.0,1.0,0.0,1.0,1.0
493,casablanca morocco december cynical american expatriate meet former lover unforeseen complication,0.0,0.0,0.0,0.0,0.0,1.0
494,private detective take case involve three eccentric criminal gorgeous liar quest priceless statuette,0.0,0.0,1.0,1.0,0.0,0.0
495,misogynistic snobbish phonetics professor agree wager take flower girl make presentable high society,0.0,0.0,0.0,0.0,0.0,0.0
496,two son wealthy family work run family corporate empire time wife family play employ family business show work spend time entertaining marry divorce three time meanwhile young shy awkward daughter household chauffeur infatuate life know exist go two year return elegant sophisticated beautiful woman find capture attention find fall love find fall love,0.0,0.0,0.0,0.0,1.0,0.0
497,overwhelm suffocating schedule tour european princess take night rome sedative take doctor kick asleep park bench find american reporter take back apartment safety work next morning find regal identity bet editor get exclusive interview romance get way,1.0,0.0,0.0,1.0,0.0,0.0
498,year four smith daughter learn lesson life love prepare reluctant move new,0.0,1.0,0.0,0.0,0.0,0.0
499,american classic manipulative woman roguish man carry turbulent love affair american south civil war reconstruction,0.0,0.0,0.0,0.0,0.0,1.0
